Name,Phone,Address,Website,YellowPages Profile
"The Law Offices of Kirk S. Warren, LLC",(863) 688-3400,,,https://www.yellowpages.com/lakeland-fl/mip/the-law-offices-of-kirk-s-warren-llc-13021116
Appraisal Central,(863) 680-3152,,,https://www.yellowpages.com/lakeland-fl/mip/appraisal-central-474035789
Margarita Homes and More LLC,(863) 236-7625,,https://propertymanagementdavenportfl.com/,https://www.yellowpages.com/davenport-fl/mip/margarita-homes-and-more-llc-559191793
Above & Beyond Management Service,(863) 701-9661,,,https://www.yellowpages.com/mulberry-fl/mip/above-beyond-management-service-457332281
Fountain Place Apartments,(863) 534-3034,,https://www.myfountainplacehome.com/,https://www.yellowpages.com/bartow-fl/mip/fountain-place-apartments-497083912
"Advanced Preservation Services, LLC",(863) 221-8273,,,https://www.yellowpages.com/lake-wales-fl/mip/advanced-preservation-services-llc-469668218
Avery Properties Inc,(863) 682-1902,,https://willershomes.com/,https://www.yellowpages.com/lakeland-fl/mip/avery-properties-inc-8333515
PMI Arrico Realty and Property Management (Lakeland),(863) 606-1094,,https://www.lakelandpropertymanagementinc.com/,https://www.yellowpages.com/lakeland-fl/mip/pmi-arrico-realty-and-property-management-lakeland-548350721
Lakeland Properties & Management,(863) 665-8575,,https://landsouthmanagement.com/contact,https://www.yellowpages.com/lakeland-fl/mip/lakeland-properties-management-575114005
Trinkle Realty LLC,(863) 937-9690,,http://trinklerealty.com/,https://www.yellowpages.com/lakeland-fl/mip/trinkle-realty-llc-480681796
Century Retail,(863) 686-6469,,http://centuryretail.com/,https://www.yellowpages.com/lakeland-fl/mip/century-retail-479247150
St Luke's Life Center,(863) 284-2608,,https://www.stlukeslifecenter.com/,https://www.yellowpages.com/lakeland-fl/mip/st-lukes-life-center-2102016
Remax,(863) 680-3322,,http://www.polkcountyhomes.com/,https://www.yellowpages.com/lakeland-fl/mip/remax-505274851
PROPERTY MANAGEMENT EXIT REALTY OF LAKELAND,(863) 397-5707,,http://www.mylakelandhome.com/,https://www.yellowpages.com/lakeland-fl/mip/property-management-exit-realty-of-lakeland-453768013
The Preserve at Lakeland Hills Apartments,(863) 686-3600,,http://www.preserveatlakelandhills.com/,https://www.yellowpages.com/lakeland-fl/mip/the-preserve-at-lakeland-hills-apartments-482432542
Superior Property Management & Sales LLC,(863) 853-2770,,http://www.mysuperiorproperty.com/,https://www.yellowpages.com/lakeland-fl/mip/superior-property-management-sales-llc-22208241
Aia Property Management Inc,(863) 686-3700,,http://www.aiapropertymanagement.com/,https://www.yellowpages.com/lakeland-fl/mip/aia-property-management-inc-454882893
Sunset Lakes Condominiums,(863) 816-1616,,http://apartment.com/,https://www.yellowpages.com/lakeland-fl/mip/sunset-lakes-condominiums-453322489
Easy Homes 123 LLC,(863) 640-7355,,http://easyhomes123.com/,https://www.yellowpages.com/lakeland-fl/mip/easy-homes-123-llc-29090165
All County Polk Property Management,(863) 510-5965,,http://www.allcountypolk.com/,https://www.yellowpages.com/lakeland-fl/mip/all-county-polk-property-management-458290296
All County Polk Property Management,(863) 510-5965,,https://www.allcountyprop.com/locations/florida/lakeland,https://www.yellowpages.com/lakeland-fl/mip/all-county-polk-property-management-507306657
Your Rental Connection,(863) 701-8000,,http://yrcrents.com/,https://www.yellowpages.com/lakeland-fl/mip/your-rental-connection-451199187
Realty Solutions Now,(863) 248-7263,,http://www.realtysolutionsnow.com/,https://www.yellowpages.com/lakeland-fl/mip/realty-solutions-now-480190744
Whays,(863) 937-7667,,,https://www.yellowpages.com/lakeland-fl/mip/whays-546875838
Pure Security,(863) 450-2982,,,https://www.yellowpages.com/lakeland-fl/mip/pure-security-519368297
George R Burt Licensed Real Estate Broker,(863) 688-2212,,,https://www.yellowpages.com/lakeland-fl/mip/george-r-burt-licensed-real-estate-broker-503213112
Mirrorton Apartments,(863) 450-4466,,,https://www.yellowpages.com/lakeland-fl/mip/mirrorton-apartments-576471740
Smart Properties,(863) 940-4800,,https://www.lakelandflrental.com/contact-us,https://www.yellowpages.com/lakeland-fl/mip/smart-properties-541160325
The Agency Realty & Consulting,(863) 686-7080,,http://www.theagencyflorida.com/,https://www.yellowpages.com/lakeland-fl/mip/the-agency-realty-consulting-455387473
The Agency Inc,(863) 686-1416,,,https://www.yellowpages.com/lakeland-fl/mip/the-agency-inc-507275250
